-- phpMyAdmin SQL Dump
-- version 5.2.0
-- https://www.phpmyadmin.net/
--
-- Hôte : 127.0.0.1
-- Généré le : mer. 25 déc. 2024 à 22:35
-- Version du serveur : 10.4.27-MariaDB
-- Version de PHP : 8.0.25

SET SQL_MODE = "NO_AUTO_VALUE_ON_ZERO";
START TRANSACTION;
SET time_zone = "+00:00";


/*!40101 SET @OLD_CHARACTER_SET_CLIENT=@@CHARACTER_SET_CLIENT */;
/*!40101 SET @OLD_CHARACTER_SET_RESULTS=@@CHARACTER_SET_RESULTS */;
/*!40101 SET @OLD_COLLATION_CONNECTION=@@COLLATION_CONNECTION */;
/*!40101 SET NAMES utf8mb4 */;

--
-- Base de données : `burger_code`
--

-- --------------------------------------------------------

--
-- Structure de la table `categories`
--

CREATE TABLE `categories` (
  `id` int(11) NOT NULL,
  `name` varchar(100) NOT NULL
) ENGINE=InnoDB DEFAULT CHARSET=utf8mb4 COLLATE=utf8mb4_general_ci;

--
-- Déchargement des données de la table `categories`
--

INSERT INTO `categories` (`id`, `name`) VALUES
(1, 'Menus'),
(2, 'Burgers'),
(3, 'Snacks'),
(4, 'Salades'),
(5, 'Boissons'),
(6, 'Desserts');

-- --------------------------------------------------------

--
-- Structure de la table `items`
--

CREATE TABLE `items` (
  `id` int(11) NOT NULL,
  `name` varchar(100) NOT NULL,
  `description` varchar(255) NOT NULL,
  `price` float NOT NULL,
  `image` varchar(255) NOT NULL,
  `category` int(11) NOT NULL
) ENGINE=InnoDB DEFAULT CHARSET=utf8mb4 COLLATE=utf8mb4_general_ci;

--
-- Déchargement des données de la table `items`
--

INSERT INTO `items` (`id`, `name`, `description`, `price`, `image`, `category`) VALUES
(1, 'Menu Classic', 'Sandwich: Burger, Salade, Tomate, Cornichon + Frites + Boisson', 8.9, 'm1.png', 1),
(2, 'Menu Bacon', 'Sandwich: Burger, Fromage, Bacon, Salade, Tomate + Frites + Boisson', 9.5, 'm2.png', 1),
(3, 'Menu Big', 'Sandwich: Double Burger, Fromage, Cornichon, Salade + Frites + Boisson', 10.9, 'm3.png', 1),
(4, 'Menu Chicken', 'Sandwich: Poulet Frit, Tomate, Salade, Mayonnaise + Frites + Boisson', 9.9, 'm4.png', 1),
(5, 'Menu Fish', 'Sandwich: Poisson, Salade, Mayonnaise, Cornichon + Frites + Boisson', 10.9, 'm5.png', 1),
(6, 'Menu Double Steak', 'Sandwich: Double Burger, Fromage, Bacon, Salade, Tomate + Frites + Boisson', 11.9, 'm6.png', 1),
(7, 'Classic', 'Sandwich: Burger, Salade, Tomate, Cornichon', 5.9, 'b1.png', 2),
(8, 'Bacon', 'Sandwich: Burger, Fromage, Bacon, Salade, Tomate', 6.5, 'b2.png', 2),
(9, 'Big', 'Sandwich: Double Burger, Fromage, Cornichon, Salade', 6.9, 'b3.png', 2),
(10, 'Chicken', 'Sandwich: Poulet Frit, Tomate, Salade, Mayonnaise', 5.9, 'b4.png', 2),
(11, 'Fish', 'Sandwich: Poisson Pané, Salade, Mayonnaise, Cornichon', 6.5, 'b5.png', 2),
(12, 'Double Steak', 'Sandwich: Double Burger, Fromage, Bacon, Salade, Tomate', 7.5, 'b6.png', 2),
(13, 'Frites', 'Pommes de terre frites', 3.9, 's1.png', 3),
(14, 'Onion Rings', 'Rondelles d\'oignon frits', 3.4, 's2.png', 3),
(15, 'Nuggets', 'Nuggets de poulet frits', 5.9, 's3.png', 3),
(16, 'Nuggets Fromage', 'Nuggets de fromage frits', 3.5, 's4.png', 3),
(17, 'Ailes de Poulet', 'Ailes de poulet Barbecue', 5.9, 's5.png', 3),
(18, 'César Poulet Pané', 'Poulet Pané, Salade, Tomate et la fameuse sauce César', 8.9, 'sa1.png', 4),
(19, 'César Poulet Grillé', 'Poulet Grillé, Salade, Tomate et la fameuse sauce César', 8.9, 'sa2.png', 4),
(20, 'Salade Light', 'Salade, Tomate, Concombre, Maïs et Vinaigre balsamique', 5.9, 'sa3.png', 4),
(21, 'Poulet Pané', 'Poulet Pané, Salade, Tomate et la sauce de votre choix', 7.9, 'sa4.png', 4),
(23, 'Coca-Cola', 'Au choix: Petit, Moyen ou Grand', 1.9, 'bo1.png', 5),
(24, 'Coca-Cola Light', 'Au choix: Petit, Moyen ou Grand', 1.9, 'bo2.png', 5),
(25, 'Coca-Cola Zéro', 'Au choix: Petit, Moyen ou Grand', 1.9, 'bo3.png', 5),
(26, 'Fanta', 'Au choix: Petit, Moyen ou Grand', 1.9, 'bo4.png', 5),
(27, 'Sprite', 'Au choix: Petit, Moyen ou Grand', 1.9, 'bo5.png', 5),
(28, 'Nestifion', 'Au choix: Petit, Moyen ou Grand', 1.9, 'bo6.png', 5);

-- --------------------------------------------------------

--
-- Structure de la table `users`
--

CREATE TABLE `users` (
  `id` int(11) NOT NULL,
  `name` varchar(200) NOT NULL,
  `email` varchar(100) NOT NULL,
  `phone` varchar(20) NOT NULL,
  `passeword` varchar(70) DEFAULT NULL,
  `token` varchar(50) DEFAULT NULL
) ENGINE=InnoDB DEFAULT CHARSET=utf8mb4 COLLATE=utf8mb4_general_ci;

--
-- Déchargement des données de la table `users`
--

INSERT INTO `users` (`id`, `name`, `email`, `phone`, `passeword`, `token`) VALUES
(9, 'Roger', 'r@gmail.com', '0668063421', '$2y$10$7Tr6dOXuNbyt.2/SXlfvxucoNzocRK3k2GjOQzIFZ8hhEArdb5LSG', '676b0baf6729e'),
(12, 'DUPOND', 'dup@gmail.com', '0668063421', '$2y$10$OOLuNloWIrfp6KTY/mok1enyFuDxL09dGBG4RqXIKKSYt8uyoO7Ca', NULL),
(13, 'VOUANDZA', 'vouandzanoeldy@gmail.com', '0650128593', '$2y$10$8kiPNe9jx1eGzvBcUQMkieOOCYfvPQ03C3NS.3i.pd1ps3DrnbCky', NULL);

--
-- Index pour les tables déchargées
--

--
-- Index pour la table `categories`
--
ALTER TABLE `categories`
  ADD PRIMARY KEY (`id`);

--
-- Index pour la table `items`
--
ALTER TABLE `items`
  ADD PRIMARY KEY (`id`),
  ADD KEY `category` (`category`);

--
-- Index pour la table `users`
--
ALTER TABLE `users`
  ADD PRIMARY KEY (`id`);

--
-- AUTO_INCREMENT pour les tables déchargées
--

--
-- AUTO_INCREMENT pour la table `categories`
--
ALTER TABLE `categories`
  MODIFY `id` int(11) NOT NULL AUTO_INCREMENT, AUTO_INCREMENT=7;

--
-- AUTO_INCREMENT pour la table `items`
--
ALTER TABLE `items`
  MODIFY `id` int(11) NOT NULL AUTO_INCREMENT, AUTO_INCREMENT=45;

--
-- AUTO_INCREMENT pour la table `users`
--
ALTER TABLE `users`
  MODIFY `id` int(11) NOT NULL AUTO_INCREMENT, AUTO_INCREMENT=14;

--
-- Contraintes pour les tables déchargées
--

--
-- Contraintes pour la table `items`
--
ALTER TABLE `items`
  ADD CONSTRAINT `items_ibfk_1` FOREIGN KEY (`category`) REFERENCES `categories` (`id`) ON DELETE CASCADE ON UPDATE CASCADE;
COMMIT;

/*!40101 SET CHARACTER_SET_CLIENT=@OLD_CHARACTER_SET_CLIENT */;
/*!40101 SET CHARACTER_SET_RESULTS=@OLD_CHARACTER_SET_RESULTS */;
/*!40101 SET COLLATION_CONNECTION=@OLD_COLLATION_CONNECTION */;
